{
  "controller/App.controller.js": 1709566926195,
  "manifest.json": 1709643888346,
  "model/models.js": 1709566926195,
  "controller/MainView.controller.js": 1709566926195,
  "controller/ListAll.controller.js": 1709566926195,
  "i18n/i18n.properties": 1709567690804,
  "Component.js": 1709566926195,
  "Component-preload.js": 1709643888760,
  "Component-dbg.js": 1709566926195,
  "controller/MainView-dbg.controller.js": 1709566926195,
  "controller/ListAll-dbg.controller.js": 1709566926195,
  "controller/App-dbg.controller.js": 1709566926195,
  "model/models-dbg.js": 1709566926195,
  "view/fragments/MultiEditBookDialog.fragment.xml": 1709566926199,
  "view/fragments/LendBookDialog.fragment.xml": 1709566926199,
  "view/fragments/CreateBookDialog.fragment.xml": 1709566926199,
  "view/MainView.view.xml": 1709566926199,
  "view/ListAll.view.xml": 1709566926199,
  "view/App.view.xml": 1709566926195,
  "css/style.css": 1709566926195,
  "index.html": 1709566926195
}